Date,Open,High,Low,Close,Volume
2016-05-27,43.5,43.5,43.0,43.5,574200.0
2016-05-30,43.5,43.75,43.25,43.5,819500.0
2016-05-31,43.5,44.5,43.0,43.0,2773300.0
2016-06-01,43.5,44.75,43.25,44.25,2324200.0
2016-06-02,44.25,44.75,44.0,44.75,1403500.0
2016-06-03,45.0,45.0,44.25,45.0,931700.0
2016-06-06,45.25,45.25,44.75,45.0,558000.0
2016-06-07,45.5,45.5,44.75,45.25,800700.0
2016-06-08,44.75,45.25,44.0,44.5,1004000.0
2016-06-09,44.5,45.0,44.25,44.75,401900.0
2016-06-10,44.75,44.75,43.75,44.0,1055600.0
2016-06-13,43.75,45.0,43.25,45.0,1223600.0
2016-06-14,44.75,45.25,44.5,45.0,720100.0
2016-06-15,44.75,45.25,44.5,45.0,552600.0
2016-06-16,45.25,45.25,44.0,44.0,1705500.0
2016-06-17,44.0,44.25,43.75,43.75,637500.0
2016-06-20,43.75,44.25,43.75,44.0,215500.0
2016-06-21,44.0,44.75,44.0,44.5,345100.0
2016-06-22,44.5,46.0,44.5,46.0,1279100.0
2016-06-23,45.75,46.75,45.5,46.75,1222500.0
2016-06-24,46.75,46.75,45.25,46.25,1586900.0
2016-06-27,46.0,47.5,46.0,47.0,2035900.0
2016-06-28,47.25,47.5,46.75,47.0,1496500.0
2016-06-29,47.0,48.0,47.0,48.0,2526100.0
2016-06-30,48.5,49.5,48.25,49.5,5856900.0
2016-07-04,49.5,49.5,48.75,49.25,1006100.0
2016-07-05,49.5,49.75,49.0,49.25,1453900.0
2016-07-06,49.5,49.75,49.25,49.25,489400.0
2016-07-07,49.25,51.5,49.25,51.0,4761600.0
2016-07-08,51.5,52.0,50.25,50.5,2184400.0
2016-07-11,51.5,53.25,51.0,53.0,3803900.0
2016-07-12,52.0,52.0,49.75,51.0,4405900.0
2016-07-13,51.0,51.25,50.25,50.5,2210900.0
2016-07-14,50.75,51.75,50.0,51.25,5934300.0
2016-07-15,51.25,54.25,51.25,52.25,8754100.0
2016-07-20,54.25,56.25,51.75,52.25,8164800.0
2016-07-21,52.0,52.75,49.75,50.25,5138100.0
2016-07-22,50.25,52.75,50.25,52.5,2115100.0
2016-07-25,52.75,54.5,52.5,53.25,2392600.0
2016-07-26,53.25,55.0,53.25,54.25,2565400.0
2016-07-27,55.0,57.0,55.0,56.0,4849800.0
2016-07-28,55.75,56.75,54.5,55.0,3023100.0
2016-07-29,55.25,55.5,53.75,54.0,1672800.0
2016-08-01,55.0,55.0,53.0,53.0,2259200.0
2016-08-02,53.5,54.5,53.25,53.25,1333500.0
2016-08-03,53.25,53.75,53.0,53.25,1315400.0
2016-08-04,53.5,54.0,52.25,53.75,1861000.0
2016-08-05,53.75,54.0,53.0,53.5,1154200.0
2016-08-08,54.0,54.75,52.5,53.25,2302100.0
2016-08-09,53.0,53.25,52.5,53.25,2993000.0
2016-08-10,53.5,53.75,52.5,52.75,1553000.0
2016-08-11,52.75,52.75,51.75,52.0,4190300.0
2016-08-15,52.0,53.25,51.5,52.0,4625800.0
2016-08-16,52.25,52.25,50.5,51.0,1801300.0
2016-08-17,50.75,51.0,50.0,50.75,3588300.0
2016-08-18,50.75,51.75,50.25,50.75,1685600.0
2016-08-19,50.75,51.5,50.5,51.0,977000.0
2016-08-22,51.0,51.75,51.0,51.75,892300.0
2016-08-23,51.75,52.75,51.5,52.5,1535300.0
2016-08-24,53.5,53.5,52.25,52.75,2464000.0
2016-08-25,52.75,53.0,51.75,52.5,3094300.0
2016-08-26,52.75,53.25,52.5,52.75,1724100.0
2016-08-29,53.25,53.25,52.25,53.0,1566000.0
2016-08-30,53.25,54.0,53.0,53.75,1735400.0
2016-08-31,53.75,54.5,53.25,54.0,1559400.0
2016-09-01,53.5,54.0,52.25,53.0,1408600.0
2016-09-02,53.0,53.5,52.25,53.0,2263600.0
2016-09-05,53.0,53.25,50.5,51.5,2514800.0
2016-09-06,51.75,52.0,51.25,51.5,800500.0
2016-09-07,51.5,53.0,51.5,51.75,1287900.0
2016-09-08,51.5,51.75,50.75,51.0,1786700.0
2016-09-09,51.0,51.25,51.0,51.0,737900.0
2016-09-12,51.0,51.5,50.75,51.0,1603300.0
2016-09-13,51.25,52.0,51.0,51.0,1132300.0
2016-09-14,51.0,52.0,51.0,51.5,540900.0
2016-09-15,51.5,53.0,51.5,52.75,853700.0
2016-09-16,52.5,53.25,51.75,53.0,4176300.0
2016-09-19,53.5,53.5,52.0,52.75,1426400.0
2016-09-20,53.0,53.0,52.0,52.5,1216100.0
2016-09-21,52.75,53.0,52.25,52.75,1557000.0
2016-09-22,53.25,55.0,52.75,55.0,4972900.0
2016-09-23,54.0,55.0,53.25,55.0,5189200.0
2016-09-26,53.75,55.0,53.5,53.75,4148100.0
2016-09-27,54.0,54.75,53.75,54.0,1848500.0
2016-09-28,54.0,54.25,53.5,53.5,1223500.0
2016-09-29,53.75,54.25,53.5,53.75,311600.0
2016-09-30,53.5,53.75,52.5,52.5,1499100.0
2016-10-03,52.75,53.25,52.25,52.5,1721600.0
2016-10-04,52.75,53.25,52.5,52.75,2900500.0
2016-10-05,52.75,53.0,52.25,53.0,2060800.0
2016-10-06,53.0,55.0,52.75,54.5,1662600.0
2016-10-07,54.5,54.75,54.0,54.5,1041300.0
2016-10-10,53.0,54.25,52.75,53.25,1786700.0
2016-10-11,53.75,54.0,52.25,53.0,1621100.0
2016-10-12,52.5,53.0,50.75,52.0,2082900.0
2016-10-13,51.0,51.75,50.0,51.5,2268000.0
2016-10-14,52.5,53.75,52.25,52.25,3070400.0
2016-10-17,52.0,53.75,52.0,53.25,1758800.0
2016-10-18,53.5,53.5,52.75,53.25,1465800.0
2016-10-19,53.0,53.25,52.5,53.0,1455500.0
2016-10-20,53.0,53.25,52.25,52.75,1186600.0
2016-10-21,53.0,53.25,52.5,53.0,736600.0
2016-10-25,53.25,53.25,52.75,53.0,702900.0
2016-10-26,53.0,53.0,52.0,52.0,1002200.0
2016-10-27,52.0,53.0,51.75,52.75,1286900.0
2016-10-28,52.75,53.0,52.0,52.0,642000.0
2016-10-31,52.0,52.5,51.5,51.75,766100.0
2016-11-01,52.25,53.0,51.25,52.75,2037800.0
2016-11-02,52.75,52.75,52.0,52.25,335900.0
2016-11-03,52.25,52.75,52.0,52.25,397000.0
2016-11-04,52.0,52.25,52.0,52.25,469200.0
2016-11-07,53.0,54.75,53.0,54.0,6365000.0
2016-11-08,54.0,56.25,54.0,55.5,3413000.0
2016-11-09,55.5,55.75,54.0,54.5,3349000.0
2016-11-10,55.0,55.25,54.0,54.5,2759800.0
2016-11-11,54.5,55.75,54.0,54.5,4527700.0
2016-11-14,54.0,54.5,53.0,53.5,1990800.0
2016-11-15,53.75,54.5,53.25,53.5,2931700.0
2016-11-16,53.75,54.75,53.75,53.75,2113100.0
2016-11-17,54.0,55.25,53.75,55.0,2161100.0
2016-11-18,55.0,55.0,54.25,54.5,448900.0
2016-11-21,54.75,54.75,54.0,54.0,697500.0
2016-11-22,54.0,54.0,53.5,54.0,2431100.0
2016-11-23,54.25,54.25,52.75,54.0,3375400.0
2016-11-24,54.25,54.5,53.75,54.25,313300.0
2016-11-25,54.25,54.5,53.75,54.25,647900.0
2016-11-28,54.0,55.0,53.75,54.0,1442500.0
2016-11-29,54.0,54.25,53.75,54.0,927700.0
2016-11-30,54.0,54.25,53.5,54.0,1047500.0
2016-12-01,54.25,54.5,53.25,53.5,2663100.0
2016-12-02,53.5,53.75,53.0,53.25,1470300.0
2016-12-06,53.5,53.5,52.75,53.25,2319200.0
2016-12-07,53.0,53.25,53.0,53.0,1255800.0
2016-12-08,53.25,54.0,52.75,53.25,3736200.0
2016-12-09,53.0,53.25,52.5,52.75,3373000.0
2016-12-13,53.0,54.0,52.75,54.0,1920100.0
2016-12-14,54.25,54.25,53.25,53.75,1297500.0
2016-12-15,53.5,53.75,53.25,53.75,1137600.0
2016-12-16,54.5,55.25,54.0,55.25,7718800.0
2016-12-19,55.0,55.75,54.75,55.5,3601500.0
2016-12-20,55.25,55.75,54.5,54.75,3518300.0
2016-12-21,55.0,57.25,55.0,56.75,8569300.0
2016-12-22,57.0,59.25,56.25,58.0,12908600.0
2016-12-23,58.5,61.75,58.25,60.5,13556000.0
2016-12-26,60.75,61.5,60.25,60.75,2271100.0
2016-12-27,61.0,63.5,60.75,62.5,6696700.0
2016-12-28,62.25,62.5,61.25,62.25,3092000.0
2016-12-29,61.5,61.75,60.25,61.5,3572000.0
2016-12-30,61.5,61.75,60.25,60.25,3502800.0
2017-01-04,61.0,65.25,61.0,65.0,10259000.0
2017-01-05,64.75,65.75,62.25,63.0,12545400.0
2017-01-06,63.25,64.5,63.0,63.0,7358800.0
2017-01-09,63.0,63.5,62.25,62.25,6060400.0
2017-01-10,62.75,64.0,62.75,63.0,6776800.0
2017-01-11,63.25,63.5,62.75,62.75,3614300.0
2017-01-12,63.25,65.0,62.5,62.75,6016600.0
2017-01-16,63.5,63.75,62.75,63.0,1494800.0
2017-01-17,63.0,63.25,61.25,61.5,3995500.0
2017-01-18,61.75,62.75,61.75,62.0,5819400.0
2017-01-19,61.75,62.0,59.75,60.5,5534300.0
2017-01-20,61.0,62.5,60.75,62.25,6756700.0
2017-01-23,62.5,63.25,62.0,63.0,5445400.0
2017-01-24,62.75,63.0,61.5,62.0,2720400.0
2017-01-25,62.25,62.5,61.75,62.0,2827000.0
2017-01-26,62.25,62.75,60.75,61.25,4832200.0
2017-01-27,61.25,62.0,60.75,61.5,2550600.0
2017-01-30,61.5,61.75,60.75,61.5,2140700.0
2017-01-31,61.5,62.0,61.0,61.0,3724400.0
2017-02-01,61.25,61.75,61.0,61.75,3322700.0
2017-02-02,61.75,65.0,61.0,65.0,11185800.0
2017-02-03,64.25,64.5,63.0,63.5,6970100.0
2017-02-06,63.5,64.0,62.25,62.75,6136700.0
2017-02-07,63.25,63.75,62.5,62.5,5251900.0
2017-02-08,63.0,64.25,62.75,64.0,4850600.0
2017-02-09,64.0,67.5,64.0,67.5,11018000.0
2017-02-10,67.75,68.75,65.5,67.0,10429700.0
2017-02-14,67.0,68.25,66.5,67.75,5073800.0
2017-02-15,68.0,68.5,66.5,67.0,4062900.0
2017-02-16,67.0,67.5,66.0,66.5,4444700.0
2017-02-17,67.0,67.0,64.5,65.75,7446500.0
2017-02-20,66.0,68.0,66.0,67.25,3993500.0
2017-02-21,67.5,67.75,66.25,66.5,2924800.0
2017-02-22,66.5,67.5,66.25,67.0,2275100.0
2017-02-23,67.25,68.75,66.75,67.5,8091200.0
2017-02-24,67.25,67.75,66.75,67.0,1273200.0
2017-02-27,67.0,69.5,67.0,69.0,7563100.0
2017-02-28,69.0,69.25,68.0,68.5,3652800.0
2017-03-01,68.5,69.0,67.75,68.25,2413500.0
2017-03-02,68.75,68.75,67.25,67.75,2526800.0
2017-03-03,68.0,68.0,67.0,67.0,2189000.0
2017-03-06,67.0,67.5,65.5,66.0,3697500.0
2017-03-07,65.75,66.0,65.5,65.5,1687500.0
2017-03-08,65.5,65.75,64.75,65.5,3966500.0
2017-03-09,65.75,65.75,64.75,65.75,3397300.0
2017-03-10,65.5,66.0,65.25,65.5,1876700.0
2017-03-13,65.25,66.75,64.25,66.5,2847800.0
2017-03-14,66.25,68.0,65.75,66.0,6065200.0
2017-03-15,65.75,66.5,65.5,65.75,4476000.0
2017-03-16,66.0,67.25,66.0,66.75,4615500.0
2017-03-17,67.25,70.0,67.0,69.5,10787200.0
2017-03-20,69.5,70.75,68.0,68.0,6364000.0
2017-03-21,68.25,69.0,68.0,68.25,3444600.0
2017-03-22,68.0,69.75,68.0,69.25,4548400.0
2017-03-23,69.0,69.5,68.25,68.5,3107100.0
2017-03-24,68.5,69.5,68.5,69.0,1363900.0
2017-03-27,69.75,69.75,68.75,69.0,1608400.0
2017-03-28,69.0,70.0,69.0,69.5,2110400.0
2017-03-29,69.5,70.75,69.5,69.5,4307600.0
2017-03-30,70.0,72.5,69.5,72.5,6205200.0
2017-03-31,72.5,72.5,71.5,71.75,4629200.0
2017-04-03,72.25,74.25,72.0,73.25,4685500.0
2017-04-04,73.25,73.75,71.5,72.25,3739800.0
2017-04-05,72.25,72.5,70.75,71.25,4680100.0
2017-04-07,71.25,72.0,70.75,71.5,5093800.0
2017-04-10,71.5,72.0,71.0,71.5,3238500.0
2017-04-11,71.25,71.75,71.0,71.0,3492100.0
2017-04-12,71.25,72.0,71.0,71.25,3298900.0
2017-04-17,71.25,72.25,70.75,71.5,2487600.0
2017-04-18,72.25,74.0,72.25,73.5,8782900.0
2017-04-19,74.0,75.5,73.25,73.5,9469900.0
2017-04-20,73.5,75.0,73.0,73.75,10906400.0
2017-04-21,74.25,77.0,74.0,76.75,6551200.0
2017-04-24,76.75,78.0,75.75,76.0,4558800.0
2017-04-25,76.5,77.0,75.25,76.25,4036700.0
2017-04-26,73.25,74.0,72.0,72.5,6412300.0
2017-04-27,73.0,75.5,72.75,73.75,6164600.0
2017-04-28,73.75,76.25,73.75,76.25,5941600.0
2017-05-02,76.25,76.25,73.75,74.0,2004700.0
2017-05-03,74.0,74.5,73.5,73.5,5081600.0
2017-05-04,74.5,75.0,73.75,74.75,4079200.0
2017-05-08,75.0,75.25,73.75,73.75,4541600.0
2017-05-09,74.0,74.5,71.5,72.0,6618400.0
2017-05-11,72.25,76.0,72.25,75.5,8550800.0
2017-05-12,75.5,75.5,73.75,75.0,4061500.0
2017-05-15,74.25,74.25,74.25,74.25,155400.0
2017-05-16,74.25,76.0,74.25,76.0,2707400.0
2017-05-17,76.0,80.25,75.5,80.0,8595800.0
2017-05-18,79.5,80.75,78.75,79.5,8852200.0
2017-05-19,79.75,79.75,77.75,78.25,8003100.0
2017-05-22,78.25,80.0,78.25,78.5,3953800.0
2017-05-23,78.75,79.0,78.0,78.25,2215300.0
2017-05-24,78.25,78.5,76.25,77.0,5273600.0
2017-05-25,78.0,78.0,75.0,76.25,5611700.0
2017-05-26,76.25,77.5,75.75,76.25,3509400.0
2017-05-29,76.25,77.0,76.25,76.5,2379100.0
2017-05-30,76.5,76.75,75.5,76.25,2893000.0
2017-05-31,76.75,77.0,75.5,76.25,3750900.0
2017-06-01,76.0,76.25,75.5,76.0,1594000.0
2017-06-02,76.0,76.75,76.0,76.25,4462000.0
2017-06-05,76.25,76.5,75.75,76.0,3160000.0
2017-06-06,75.75,78.25,75.75,78.0,3915500.0
2017-06-07,77.75,78.0,77.0,77.25,1790600.0
2017-06-08,77.0,77.75,76.5,77.25,3571200.0
2017-06-09,75.25,75.75,73.0,75.25,13104300.0
2017-06-12,74.75,75.25,73.5,74.25,5715500.0
2017-06-13,74.25,76.0,74.25,75.25,5297200.0
2017-06-14,76.0,77.25,75.5,77.0,3936600.0
2017-06-15,76.75,78.25,76.25,76.75,4348800.0
2017-06-16,76.75,77.5,76.5,77.0,1591500.0
2017-06-19,77.0,78.25,76.75,77.25,2362300.0
2017-06-20,77.5,78.5,77.25,77.25,2647800.0
2017-06-21,77.25,78.0,77.0,77.25,1427000.0
2017-06-22,77.75,78.25,77.25,77.5,2210100.0
2017-06-23,77.75,78.0,77.0,77.0,1777100.0
2017-06-26,77.25,77.75,77.0,77.5,2755600.0
2017-06-27,77.5,78.25,77.0,77.25,3273800.0
2017-06-28,77.5,78.25,77.25,77.5,3752900.0
2017-06-29,77.75,78.0,77.25,77.5,1207300.0
2017-06-30,77.5,77.5,74.75,76.0,7573000.0
2017-07-03,76.0,77.0,75.75,76.0,2642700.0
2017-07-04,76.0,76.25,74.75,75.0,3774000.0
2017-07-05,74.5,75.0,71.5,72.0,15991500.0
2017-07-06,72.0,72.0,70.25,71.5,8854500.0
2017-07-07,71.75,73.25,71.5,72.75,6094500.0
2017-07-11,73.5,73.5,73.0,73.0,4028200.0
2017-07-12,73.5,75.0,73.25,74.75,8388100.0
2017-07-13,75.0,76.75,75.0,76.75,12427000.0
2017-07-14,77.0,78.0,76.75,78.0,5772500.0
2017-07-17,77.75,77.75,74.75,74.75,6073300.0
2017-07-18,74.75,75.75,74.0,74.75,6853500.0
2017-07-19,75.0,75.0,74.0,74.25,2796700.0
2017-07-20,74.25,74.75,73.25,73.5,3288600.0
2017-07-21,73.75,74.25,73.25,74.0,2778200.0
2017-07-24,74.0,74.5,73.75,73.75,1107400.0
2017-07-25,73.75,74.5,72.0,72.5,5074000.0
2017-07-26,72.5,73.25,72.25,72.5,3982900.0
2017-07-27,72.5,73.75,72.5,73.0,5108700.0
2017-07-31,73.0,74.5,72.75,73.75,5641800.0
2017-08-01,73.5,74.0,72.75,72.75,3578000.0
2017-08-02,73.0,73.5,72.75,73.25,2221800.0
2017-08-03,73.25,73.25,72.5,72.75,2552000.0
2017-08-04,72.75,73.0,72.5,72.75,1162300.0
2017-08-07,72.5,73.25,72.5,72.75,668300.0
2017-08-08,72.75,73.25,72.5,73.25,2176800.0
2017-08-09,73.25,73.5,72.0,72.75,1263200.0
2017-08-10,72.5,73.25,72.5,72.75,855800.0
2017-08-11,72.5,73.0,72.25,72.75,1364400.0
2017-08-15,72.75,73.0,72.25,72.5,1873500.0
2017-08-16,72.25,72.75,72.25,72.5,1382200.0
2017-08-17,72.25,72.5,70.75,71.5,4736800.0
2017-08-18,71.25,71.5,69.5,70.25,4958500.0
2017-08-21,70.25,72.25,69.5,72.0,5679500.0
2017-08-22,72.0,73.0,71.5,72.5,3615700.0
2017-08-23,73.0,73.25,72.5,72.75,2596800.0
2017-08-24,72.75,74.5,72.75,74.0,3063100.0
2017-08-25,73.75,73.75,73.0,73.25,1586700.0
2017-08-28,74.25,74.25,74.25,74.25,224300.0
2017-08-29,74.25,77.0,74.25,75.5,8348000.0
2017-08-30,75.75,75.75,74.25,74.75,4543900.0
2017-08-31,74.75,75.0,74.5,74.75,2586300.0
2017-09-01,75.0,75.75,74.75,75.0,1730400.0
2017-09-04,75.0,75.25,74.0,74.25,2626200.0
2017-09-05,74.25,74.5,73.25,73.75,2335500.0
2017-09-06,73.5,75.5,73.25,75.5,3058800.0
2017-09-07,75.5,75.75,74.25,74.75,3855200.0
2017-09-08,75.5,75.5,74.0,74.5,4212000.0
2017-09-11,75.0,75.0,73.5,73.5,2771100.0
2017-09-12,74.0,74.0,72.75,73.25,4351200.0
2017-09-13,73.75,73.75,73.0,73.25,3037500.0
2017-09-14,73.75,73.75,72.75,73.25,3353900.0
2017-09-15,73.25,73.5,72.25,73.25,5005700.0
2017-09-18,72.75,73.5,72.75,73.0,3563800.0
2017-09-19,73.25,74.5,73.0,74.5,5108000.0
2017-09-20,74.25,74.75,73.75,74.5,2689500.0
2017-09-21,75.0,75.5,74.75,75.25,4628700.0
2017-09-22,75.25,75.25,74.5,74.5,2905400.0
2017-09-25,74.5,76.0,74.5,76.0,4182700.0
2017-09-26,76.25,77.5,75.5,77.5,6414100.0
2017-09-27,77.5,77.5,76.75,77.25,3124200.0
2017-09-28,77.25,77.25,76.0,76.75,3033100.0
2017-09-29,76.75,77.25,76.5,77.0,1637400.0
2017-10-02,77.0,78.5,76.75,78.25,6636500.0
2017-10-03,79.0,79.75,78.75,79.25,6342100.0
2017-10-04,79.75,81.0,79.5,80.25,10065900.0
2017-10-05,80.5,80.75,79.5,80.0,3358800.0
2017-10-06,80.0,81.5,80.0,81.5,7012400.0
2017-10-09,81.75,82.0,80.25,80.5,2408500.0
2017-10-10,80.75,81.0,78.75,80.0,7015100.0
2017-10-11,81.25,82.25,80.75,81.5,4707100.0
2017-10-12,82.25,86.75,81.25,86.5,14006400.0
2017-10-16,86.5,86.5,86.5,86.5,264200.0
2017-10-17,86.5,86.5,83.75,84.25,7109300.0
2017-10-18,84.5,85.25,84.0,84.5,2561500.0
2017-10-19,84.5,85.25,82.75,83.25,3485900.0
2017-10-20,83.25,84.75,83.0,84.25,4801900.0
2017-10-24,84.5,86.0,84.5,85.25,5509500.0
2017-10-25,87.0,90.25,86.75,89.25,15346400.0
2017-10-27,89.0,89.0,88.0,88.25,2627900.0
2017-10-30,88.5,88.5,85.25,87.0,5954200.0
2017-10-31,87.0,89.0,86.25,87.75,3377500.0
2017-11-01,87.75,88.5,87.0,88.0,2000000.0
2017-11-02,88.5,88.5,87.0,88.25,3268100.0
2017-11-03,88.25,88.25,85.5,86.0,4638300.0
2017-11-06,85.75,87.75,85.75,87.75,1391600.0
2017-11-07,87.75,87.75,86.25,87.0,2149700.0
2017-11-08,86.75,87.75,86.0,87.0,2522500.0
2017-11-09,87.0,87.5,86.25,86.25,2189000.0
2017-11-10,86.0,87.25,86.0,86.5,1279900.0
2017-11-13,86.5,89.0,86.0,89.0,3971700.0
2017-11-14,89.0,89.0,87.25,87.75,3477800.0
2017-11-15,87.5,88.25,87.0,87.75,1752300.0
2017-11-16,88.0,88.0,86.5,87.0,3655200.0
2017-11-17,87.5,90.5,87.0,90.0,8067700.0
2017-11-20,90.5,92.0,90.5,90.5,5914900.0
2017-11-21,89.25,89.25,89.25,89.25,4861100.0
2017-11-22,89.25,89.25,87.75,87.75,5051800.0
2017-11-23,88.0,88.75,87.5,87.5,2475200.0
2017-11-24,87.25,88.0,86.0,87.0,2725600.0
2017-11-27,86.5,86.5,82.5,83.25,10832100.0
2017-11-28,83.5,85.5,83.5,85.5,7103600.0
2017-11-29,86.0,89.0,86.0,87.5,8849600.0
2017-11-30,87.25,88.25,86.0,88.25,4654100.0
2017-12-01,88.5,88.5,85.75,85.75,5456600.0
2017-12-04,86.5,86.5,85.0,85.5,2152700.0
2017-12-06,84.75,85.0,83.5,85.0,3866100.0
2017-12-07,84.5,85.25,84.5,85.0,1564300.0
2017-12-08,85.5,86.0,84.75,85.0,2095400.0
2017-12-12,85.0,85.75,84.5,85.0,2046200.0
2017-12-13,84.75,85.5,84.5,85.0,1545700.0
2017-12-14,85.0,87.5,84.75,85.75,8161600.0
2017-12-15,86.0,87.0,85.25,87.0,3858300.0
2017-12-18,88.0,88.0,87.0,87.25,3786300.0
2017-12-19,88.25,88.5,87.5,88.0,4909000.0
2017-12-20,87.75,88.75,87.0,88.25,5995500.0
2017-12-21,88.0,88.5,87.5,87.75,2919300.0
2017-12-22,88.0,88.5,87.75,88.0,5947900.0
2017-12-25,88.25,91.0,88.25,90.5,7260400.0
2017-12-26,90.25,91.0,89.75,90.75,4712400.0
2017-12-27,90.5,90.75,88.75,89.0,4122000.0
2017-12-28,88.75,89.0,87.5,88.25,3789700.0
2017-12-29,88.75,89.0,88.25,88.5,1562000.0
2018-01-03,88.75,90.25,88.75,89.5,7112300.0
2018-01-04,89.5,91.5,89.5,90.25,8068200.0
2018-01-05,90.75,91.75,90.25,91.25,6352100.0
2018-01-08,91.75,94.5,91.5,93.25,10786800.0
2018-01-09,93.75,93.75,93.75,93.75,314100.0
2018-01-10,94.0,94.75,93.25,93.5,4110700.0
2018-01-11,93.0,93.0,90.5,91.5,8463500.0
2018-01-12,92.0,95.0,92.0,94.25,9665400.0
2018-01-15,94.0,94.25,91.5,91.75,10995500.0
2018-01-16,91.75,92.5,90.5,91.0,6267800.0
2018-01-17,91.0,92.0,89.0,89.0,13746600.0
2018-01-18,89.25,90.5,89.0,89.0,6591300.0
2018-01-19,88.25,89.5,88.25,89.5,4356800.0
2018-01-22,89.75,90.5,89.5,90.25,3459400.0
2018-01-23,90.25,91.25,90.0,90.5,5437300.0
2018-01-24,90.0,91.0,90.0,90.5,7523800.0
2018-01-25,91.0,92.25,90.5,90.75,6803400.0
2018-01-26,90.5,91.0,89.25,90.5,3462800.0
2018-01-29,90.75,91.0,90.0,90.5,4208800.0
2018-01-30,90.5,90.5,89.75,89.75,2598700.0
2018-01-31,89.5,90.5,88.5,88.5,8433400.0
2018-02-01,88.5,88.75,87.25,87.75,10900800.0
2018-02-02,87.5,88.25,87.0,87.5,4684300.0
2018-02-05,86.25,86.75,86.0,86.5,4081000.0
2018-02-06,84.0,87.5,83.75,87.0,8999000.0
2018-02-07,87.25,87.75,86.5,86.75,3764300.0
2018-02-08,86.75,87.75,86.5,87.5,2679600.0
2018-02-09,86.25,87.75,86.25,87.75,3164500.0
2018-02-12,88.0,88.75,87.5,88.75,2459000.0
2018-02-13,89.0,89.0,87.5,87.5,2317400.0
2018-02-14,87.25,87.75,86.75,87.0,2228500.0
2018-02-15,86.75,88.5,86.5,88.5,3499700.0
2018-02-16,89.0,90.25,89.0,89.5,4530900.0
2018-02-19,89.5,90.0,89.25,89.25,1655900.0
2018-02-20,89.0,90.0,88.25,88.5,5520700.0
2018-02-21,88.0,88.0,85.75,86.25,12149500.0
2018-02-22,86.5,86.75,85.5,86.0,4264500.0
2018-02-23,86.25,87.25,86.0,86.75,2487600.0
2018-02-26,87.0,87.25,86.25,86.75,3067400.0
2018-02-27,89.5,90.75,89.0,89.0,12620500.0
2018-02-28,88.75,89.5,88.5,88.5,5121300.0
2018-03-02,88.5,89.25,88.0,88.5,6153800.0
2018-03-05,88.75,89.0,87.25,87.75,5296700.0
2018-03-06,88.0,88.0,88.0,88.0,233800.0
2018-03-07,88.0,88.0,86.5,87.0,4787100.0
2018-03-08,87.0,87.25,86.25,87.0,3718800.0
2018-03-09,87.75,87.75,86.5,87.0,4473400.0
2018-03-12,87.0,87.75,87.0,87.5,3266500.0
2018-03-13,87.5,87.75,86.75,87.25,3628800.0
2018-03-14,87.0,88.75,87.0,88.5,3774500.0
2018-03-15,88.75,89.5,88.5,89.5,2939900.0
2018-03-16,89.75,91.0,89.25,91.0,8532900.0
2018-03-19,91.5,91.75,90.25,90.5,5319400.0
2018-03-20,90.5,90.75,89.75,90.0,2037000.0
2018-03-21,90.25,90.5,90.0,90.5,1782400.0
2018-03-22,90.5,91.75,90.5,90.75,5080600.0
2018-03-23,89.75,90.25,89.5,90.0,3239400.0
2018-03-26,90.0,91.0,90.0,90.25,1074000.0
2018-03-27,90.5,90.75,90.0,90.25,2360300.0
2018-03-28,90.25,90.5,89.25,89.25,3373400.0
2018-03-29,89.25,89.75,87.75,88.0,5687100.0
2018-03-30,88.5,90.25,88.5,89.75,4261500.0
2018-04-02,89.5,91.75,89.25,91.25,6274400.0
2018-04-03,90.75,91.25,90.5,90.75,3873200.0
2018-04-04,91.25,91.25,87.0,87.75,11450700.0
2018-04-05,88.0,89.0,87.25,88.75,4422100.0
2018-04-09,88.75,91.25,88.75,91.25,5990400.0
2018-04-10,91.25,91.5,90.5,91.25,2243600.0
2018-04-11,91.5,91.5,90.75,91.0,1902200.0
2018-04-12,91.0,91.25,90.5,91.25,2242300.0
2018-04-17,91.5,92.5,91.25,91.75,5003000.0
2018-04-18,92.5,93.5,92.0,93.25,7984500.0
2018-04-19,93.5,94.75,93.25,94.5,6341100.0
2018-04-20,94.5,94.75,92.75,93.0,7862400.0
2018-04-23,93.5,94.25,93.25,93.5,3385500.0
2018-04-24,93.5,93.5,92.0,92.75,4561900.0
2018-04-25,92.25,93.0,92.0,92.75,3525600.0
2018-04-26,92.75,93.75,92.75,93.0,8297600.0
2018-04-27,87.75,88.75,87.0,88.5,7453600.0
2018-04-30,88.25,89.25,88.25,88.75,2832100.0
2018-05-02,88.5,88.75,87.5,88.5,2297300.0
2018-05-03,88.25,88.25,87.25,87.25,3292700.0
2018-05-04,87.0,87.75,86.75,86.75,2406200.0
2018-05-07,87.0,87.0,84.25,84.75,8900000.0
2018-05-08,85.0,85.75,84.5,84.5,3005000.0
2018-05-09,84.5,85.5,84.25,85.0,2417600.0
2018-05-10,85.25,87.75,85.25,87.75,6856100.0
2018-05-11,87.5,89.25,86.5,88.5,4936700.0
2018-05-14,88.5,88.75,88.0,88.0,1699900.0
2018-05-15,88.0,88.5,87.75,88.25,2583200.0
2018-05-16,87.5,88.0,86.5,87.0,1867800.0
2018-05-17,87.0,87.25,85.5,86.0,2138400.0
2018-05-18,85.75,86.0,85.0,85.25,2098600.0
2018-05-21,85.0,86.5,85.0,86.5,2348500.0
2018-05-22,86.25,86.25,85.5,85.75,1743400.0
2018-05-23,85.75,87.0,85.75,86.5,2950800.0
2018-05-24,86.25,86.5,85.5,86.0,1947000.0
2018-05-25,85.75,86.0,85.0,85.25,2669400.0
2018-05-28,85.5,87.5,85.0,87.25,4446200.0
2018-05-30,86.0,86.0,85.25,85.5,3778800.0
2018-05-31,85.25,85.5,82.75,83.0,6980700.0
2018-06-01,82.5,83.75,82.5,83.5,2111200.0
2018-06-04,83.25,83.25,82.75,83.25,1263700.0
2018-06-05,83.75,86.25,83.75,86.25,7858200.0
2018-06-06,86.75,87.0,86.25,87.0,4255700.0
2018-06-07,87.5,87.5,86.0,86.25,1413800.0
2018-06-08,86.0,86.5,85.75,86.5,1441400.0
2018-06-11,86.75,87.5,86.25,87.5,2312900.0
2018-06-12,87.25,87.5,86.5,87.0,2313000.0
2018-06-13,86.75,87.25,86.5,87.25,1212300.0
2018-06-14,87.25,87.5,86.5,87.5,2333600.0
2018-06-15,87.75,88.25,86.5,88.25,3187500.0
2018-06-18,87.25,87.5,87.0,87.25,1265500.0
2018-06-19,86.75,87.0,85.75,86.0,4162300.0
2018-06-20,86.0,88.25,86.0,88.0,3149900.0
2018-06-21,87.0,87.5,85.5,86.5,3928500.0
2018-06-22,87.5,88.5,87.0,88.5,5163600.0
2018-06-25,88.5,88.5,86.0,87.0,2825700.0
2018-06-26,86.0,86.5,85.5,85.75,3508800.0
2018-06-27,85.75,86.5,85.0,85.5,2343700.0
2018-06-28,85.0,85.25,83.75,84.25,3001700.0
2018-06-29,84.0,84.5,83.5,84.0,2491600.0
2018-07-02,84.0,87.5,83.25,87.25,4070900.0
2018-07-03,86.5,87.0,85.0,87.0,3417200.0
2018-07-04,87.0,87.0,85.5,85.75,2565200.0
2018-07-05,85.5,85.5,83.0,83.75,3322300.0
2018-07-06,83.75,85.5,83.5,83.75,3008000.0
2018-07-09,84.5,86.0,84.25,85.75,2130000.0
2018-07-10,86.0,86.25,85.5,86.25,1069000.0
2018-07-11,86.25,87.25,85.75,86.75,2793400.0
2018-07-12,85.75,85.75,83.25,84.0,11778400.0
2018-07-13,84.0,84.25,80.0,80.5,17414500.0
2018-07-16,79.75,80.0,73.75,74.25,28043600.0
2018-07-17,73.25,75.25,72.25,73.75,25674300.0
2018-07-18,75.0,76.75,74.75,76.0,15616800.0
2018-07-19,76.25,76.5,75.25,76.0,5028900.0
2018-07-20,76.25,77.5,76.0,77.0,12550800.0
2018-07-23,77.0,78.0,76.75,77.75,4916300.0
2018-07-24,78.25,78.25,76.5,77.0,6147100.0
2018-07-25,77.25,77.75,77.0,77.25,3659500.0
2018-07-26,77.5,78.25,77.0,78.0,5759300.0
2018-07-31,78.0,78.25,76.5,78.0,7158500.0
2018-08-01,78.0,78.75,77.5,78.5,4289500.0
2018-08-02,78.25,79.75,78.0,79.0,6430000.0
2018-08-03,79.25,79.75,78.75,79.0,3132000.0
2018-08-06,79.25,79.5,78.25,78.75,1837700.0
2018-08-07,78.5,79.25,78.25,79.25,2525000.0
2018-08-08,79.0,79.5,78.5,79.0,2295400.0
2018-08-09,79.25,80.25,78.75,79.5,3045500.0
2018-08-10,79.5,79.75,78.5,78.5,1587200.0
2018-08-14,78.0,78.75,78.0,78.75,3421800.0
2018-08-15,78.75,79.25,78.25,78.25,5172800.0
2018-08-16,78.0,78.5,77.5,78.0,4971200.0
2018-08-17,78.25,79.25,78.25,78.5,1566000.0
2018-08-20,78.5,79.0,78.25,78.75,1760300.0
2018-08-21,79.0,79.75,78.0,78.75,3637600.0
2018-08-22,78.5,79.25,78.5,78.5,974000.0
2018-08-23,78.5,79.25,78.5,78.75,1239100.0
2018-08-24,78.5,79.25,78.25,78.75,1173200.0
2018-08-27,79.25,82.25,79.0,81.75,8986700.0
2018-08-28,82.0,82.25,81.0,81.25,3051500.0
2018-08-29,81.5,81.5,80.75,81.0,1066200.0
2018-08-30,81.25,81.75,80.75,81.0,1370600.0
2018-08-31,81.0,82.5,80.75,82.0,3718300.0
2018-09-03,82.0,83.75,81.75,83.5,4551500.0
2018-09-04,83.25,83.25,81.75,82.0,4316800.0
2018-09-05,81.75,82.25,80.75,81.0,3884300.0
2018-09-06,80.75,81.75,80.5,81.75,1916700.0
2018-09-07,81.0,82.0,81.0,81.75,1655200.0
2018-09-10,81.5,81.5,81.0,81.5,922400.0
2018-09-11,81.5,82.75,81.25,81.25,2969400.0
2018-09-12,81.25,81.75,80.5,81.0,4224900.0
2018-09-13,81.5,83.0,81.25,82.5,4595100.0
2018-09-14,82.75,83.0,81.5,81.75,5236400.0
2018-09-17,81.75,83.0,81.75,82.25,3504600.0
2018-09-18,82.25,83.25,82.0,82.75,2938900.0
2018-09-19,83.0,83.25,82.75,82.75,4383300.0
2018-09-20,83.0,83.5,82.75,83.25,5332700.0
2018-09-21,84.0,84.5,83.75,84.0,6670400.0
2018-09-24,84.0,84.25,83.25,83.5,1668400.0
2018-09-25,83.5,84.0,83.0,83.5,1440100.0
2018-09-26,83.25,84.25,83.25,83.75,3474300.0
2018-09-27,83.75,84.0,83.25,83.75,1736300.0
2018-09-28,83.75,84.0,83.5,83.75,2202300.0
2018-10-01,83.75,84.0,83.5,84.0,1583700.0
2018-10-02,83.75,84.0,83.5,83.5,2904000.0
2018-10-03,83.5,83.75,83.25,83.75,3290100.0
2018-10-04,83.25,83.5,82.0,83.5,4975200.0
2018-10-05,82.5,83.0,82.25,82.5,2558400.0
2018-10-08,82.5,82.75,80.5,81.0,2467200.0
2018-10-09,81.0,81.5,80.5,80.75,1900500.0
2018-10-10,80.75,81.5,80.0,80.5,5380700.0
2018-10-11,78.75,79.75,78.5,79.0,6575400.0
2018-10-12,80.0,80.5,78.5,78.5,11004900.0
2018-10-16,78.75,79.5,78.5,79.25,6547700.0
2018-10-17,79.5,79.75,79.25,79.25,2278300.0
2018-10-18,78.75,79.0,78.0,78.0,2877600.0
2018-10-19,78.0,78.0,76.5,76.75,7050800.0
2018-10-22,76.5,77.75,76.5,77.25,2912600.0
2018-10-24,76.75,77.5,76.75,77.0,2162600.0
2018-10-25,76.0,79.0,76.0,78.5,4199900.0
2018-10-26,78.5,78.5,77.75,78.5,2023800.0
2018-10-29,78.5,78.75,77.75,78.0,1826400.0
2018-10-30,78.0,78.5,77.75,78.0,1147100.0
2018-10-31,78.75,78.75,77.75,78.75,1715300.0
2018-11-01,78.5,78.75,78.25,78.25,2473200.0
2018-11-02,79.0,80.25,78.75,80.0,8090600.0
2018-11-05,79.25,80.0,79.0,80.0,1193700.0
2018-11-06,80.0,80.0,79.25,79.5,1610100.0
2018-11-07,79.5,80.75,79.25,80.25,5460800.0
2018-11-08,80.25,81.0,80.0,80.0,3159100.0
2018-11-09,79.75,80.0,79.0,79.25,3841600.0
2018-11-12,79.0,79.25,78.75,78.75,2025400.0
2018-11-13,78.0,79.25,78.0,78.75,1990200.0
2018-11-14,78.75,80.5,78.75,80.0,4913700.0
2018-11-15,80.0,80.75,79.75,80.0,2577100.0
2018-11-16,80.0,80.25,79.25,79.25,1563500.0
2018-11-19,79.5,79.75,79.25,79.75,921000.0
2018-11-20,79.5,79.75,78.75,79.0,2007600.0
2018-11-21,79.0,79.5,78.5,79.25,1595200.0
2018-11-22,79.25,79.5,78.75,78.75,991300.0
2018-11-23,79.0,79.25,78.5,79.0,1319300.0
2018-11-26,79.0,80.5,79.0,80.5,2196400.0
2018-11-27,80.5,80.75,79.75,80.25,1966600.0
2018-11-28,80.5,81.5,80.5,81.0,2935300.0
2018-11-29,81.5,81.5,80.5,80.5,1438100.0
2018-11-30,80.5,80.75,80.0,80.0,3677300.0
2018-12-03,80.5,81.0,80.0,80.0,4048400.0
2018-12-04,80.0,80.75,79.75,80.0,3029900.0
2018-12-06,79.0,80.25,79.0,79.75,6631000.0
2018-12-07,80.0,81.0,79.75,80.25,3502600.0
2018-12-11,80.0,80.25,79.75,80.0,3476100.0
2018-12-12,80.5,81.25,80.0,81.0,4322400.0
2018-12-13,81.5,81.75,81.0,81.25,4383900.0
2018-12-14,81.0,81.5,80.75,81.25,4518700.0
2018-12-17,81.0,81.25,80.0,80.5,4754500.0
2018-12-18,80.0,80.25,78.75,79.0,3172900.0
2018-12-19,79.0,80.5,78.75,80.5,2961200.0
2018-12-20,80.0,80.5,79.25,80.5,1919300.0
2018-12-21,79.75,80.25,79.5,79.5,2116400.0
2018-12-24,79.25,79.25,77.5,77.75,4793900.0
2018-12-25,77.25,77.5,76.75,77.25,2730000.0
2018-12-26,77.0,77.75,77.0,77.25,1955200.0
2018-12-27,78.5,79.5,77.75,77.75,3915200.0
2018-12-28,78.0,79.0,78.0,78.25,2360300.0
2019-01-02,78.75,80.0,78.75,79.75,2929000.0
2019-01-03,79.5,80.5,79.5,80.0,2845000.0
2019-01-04,79.75,80.5,79.75,80.5,2321500.0
2019-01-07,80.25,81.5,80.25,81.0,3744100.0
2019-01-08,81.25,81.5,81.0,81.0,2266400.0
2019-01-09,81.5,82.0,80.75,81.0,2885600.0
2019-01-10,81.5,81.75,80.75,81.5,4054900.0
2019-01-11,81.25,81.75,81.0,81.25,2169000.0
2019-01-14,82.0,82.5,80.25,81.0,5526400.0
2019-01-15,80.5,80.5,78.75,78.75,5470000.0
2019-01-16,79.75,80.0,78.75,79.5,2340300.0
2019-01-17,80.0,80.25,79.25,79.75,1873900.0
2019-01-18,79.5,80.0,79.5,79.75,2818500.0
2019-01-21,79.75,81.5,79.75,80.75,2475400.0
2019-01-22,80.75,81.5,80.5,81.5,2100600.0
2019-01-23,81.25,83.0,81.25,82.75,5616800.0
2019-01-24,82.0,83.0,81.75,82.0,3343000.0
2019-01-25,82.0,82.25,80.75,80.75,3075600.0
2019-01-28,80.5,82.0,80.25,81.5,2860100.0
2019-01-29,81.75,82.0,81.25,81.5,1577900.0
2019-01-30,82.0,82.0,81.0,81.75,1961300.0
2019-01-31,82.25,83.0,82.25,82.75,3299700.0
2019-02-01,83.0,84.5,82.5,84.25,7493200.0
2019-02-04,84.25,84.75,83.5,84.25,2675800.0
2019-02-05,84.0,84.5,83.75,84.25,910100.0
2019-02-06,84.25,85.0,84.0,84.75,2064000.0
2019-02-07,84.75,84.75,83.75,84.0,1403700.0
2019-02-08,83.5,84.75,83.25,84.25,3128000.0
2019-02-11,84.25,84.25,83.75,83.75,1452500.0
2019-02-12,83.75,84.0,83.5,84.0,1526300.0
2019-02-13,84.0,84.75,84.0,84.5,1727000.0
2019-02-14,84.75,85.5,84.5,85.0,3454900.0
2019-02-15,85.0,85.0,83.75,84.25,3008900.0
2019-02-18,84.5,85.5,84.5,84.75,5152300.0
2019-02-20,84.75,85.25,84.5,85.0,2396400.0
2019-02-21,85.0,85.25,84.5,84.75,1315500.0
2019-02-22,85.0,86.25,84.5,86.25,6974900.0
2019-02-25,86.5,87.25,86.25,86.5,2230400.0
2019-02-26,86.5,86.75,85.75,86.25,3640900.0
2019-02-27,87.5,89.25,87.5,88.0,12429100.0
2019-02-28,88.25,88.5,87.25,87.5,6562900.0
2019-03-01,87.25,87.5,86.5,86.75,4412000.0
2019-03-04,86.25,87.25,86.25,86.5,3450600.0
2019-03-05,86.5,87.25,86.25,87.0,1945100.0
2019-03-06,87.0,87.75,87.0,87.0,2184200.0
2019-03-07,87.0,88.5,87.0,88.5,3662300.0
2019-03-08,88.25,88.75,88.0,88.25,1930800.0
2019-03-11,88.75,89.0,88.25,88.5,3139500.0
2019-03-12,88.5,89.75,88.5,89.25,4682900.0
2019-03-13,89.25,89.75,89.0,89.5,2143300.0
2019-03-14,89.75,90.75,89.5,90.25,5772300.0
2019-03-15,90.0,90.25,89.5,90.0,2503000.0
2019-03-18,90.0,90.25,89.0,89.25,2826500.0
2019-03-19,89.25,89.75,88.25,88.5,5671400.0
2019-03-20,88.75,89.75,88.5,89.25,4267700.0
2019-03-21,89.75,90.25,89.5,90.0,3799400.0
2019-03-22,90.0,90.5,89.5,89.75,3737400.0
2019-03-25,89.5,89.75,88.75,89.0,3958500.0
2019-03-26,89.25,89.5,88.5,88.75,4836300.0
2019-03-27,88.75,89.25,87.75,88.0,6017100.0
2019-03-28,88.0,88.25,87.25,88.0,4950300.0
2019-03-29,88.0,88.5,87.75,88.25,4291200.0
2019-04-01,88.5,89.25,88.25,88.5,3657100.0
2019-04-02,88.5,88.75,88.0,88.25,4328200.0
2019-04-03,88.5,89.0,88.25,89.0,4305800.0
2019-04-04,89.0,89.5,88.5,89.0,4453200.0
2019-04-05,89.0,89.0,88.75,88.75,1227000.0
2019-04-09,89.0,89.5,89.0,89.25,2931100.0
2019-04-10,89.5,90.0,89.5,90.0,1586100.0
2019-04-11,90.0,90.0,89.5,89.75,3556000.0
2019-04-12,89.75,90.25,89.75,90.25,3525700.0
2019-04-17,90.5,92.5,90.25,91.75,7819300.0
2019-04-18,92.5,93.25,92.0,92.5,7750900.0
2019-04-19,91.75,92.25,91.25,91.5,8150900.0
2019-04-22,91.5,91.75,91.25,91.75,4166200.0
2019-04-23,91.75,92.25,91.5,91.75,3635500.0
2019-04-24,91.75,92.0,91.25,91.75,4903400.0
2019-04-25,92.0,92.25,91.5,91.75,5667200.0
2019-04-26,91.75,92.0,91.5,92.0,9274200.0
2019-04-29,84.25,84.5,83.25,83.25,9301400.0
2019-04-30,83.25,83.75,83.0,83.75,3470300.0
2019-05-02,83.75,85.0,83.5,84.75,3554600.0
2019-05-03,84.5,86.0,84.5,85.5,5853600.0
2019-05-06,85.5,85.5,85.5,85.5,0.0
2019-05-07,85.25,86.5,85.0,86.0,3761100.0
2019-05-08,85.75,85.75,84.75,85.0,3569400.0
2019-05-09,85.0,86.5,85.0,86.25,4089700.0
2019-05-10,86.25,86.5,85.5,86.25,3037800.0
2019-05-13,86.25,86.5,84.75,85.0,2081900.0
2019-05-14,84.75,86.0,84.75,85.0,3083100.0
2019-05-15,85.5,85.75,85.0,85.5,2482800.0
2019-05-16,85.5,86.0,84.75,85.25,3596400.0
2019-05-17,85.5,86.0,85.0,85.75,3293500.0
2019-05-21,85.25,85.75,85.0,85.75,2596800.0
2019-05-22,85.75,88.0,85.75,87.75,6987600.0
2019-05-23,87.25,88.0,86.5,87.25,3213200.0
2019-05-24,87.0,87.5,86.5,87.5,2586600.0
2019-05-26 00:00:00,86.73547844252124,85.10765237151818,84.57587134294901,85.40665061648004,3109225.979364483
2019-05-27 00:00:00,85.30933866771733,84.39433827849246,84.65673132595211,85.33979219812866,968723.9144781437
2019-05-28 00:00:00,85.77831981322669,85.25018670291576,84.85075118191698,85.46234770437005,-311496.45885043824
2019-05-29 00:00:00,85.38616374231668,84.9475792095677,84.05148022051569,84.60447909003936,269599.14348563924
2019-05-30 00:00:00,84.7457835513577,84.22969627177184,83.19662337419176,84.02192180402307,-193557.37435437273
2019-05-31 00:00:00,83.61216947939177,85.27080022880469,83.03572646858771,85.62981840095291,528987.3098647031
2019-06-01 00:00:00,85.78165950796513,85.55844690682827,83.94617766958756,84.7791004782424,1333665.1864982382
2019-06-02 00:00:00,85.41271148292948,85.33863270914972,83.57506998471843,84.42151392202129,1658584.5182448188
2019-06-03 00:00:00,85.03483679222633,84.88399521731368,82.96114631604277,83.31538868566953,210024.23889534688
2019-06-04 00:00:00,83.71673428043351,83.92743911317285,82.10473804411541,82.95750992836287,1806235.9005507636
2019-06-05 00:00:00,83.54789792908795,83.72149368076633,82.24507737819249,82.85057132174607,506528.085841618
2019-06-06 00:00:00,83.25491405759362,83.76538044262256,81.88692150492824,82.74357819120348,822056.7068215688
2019-06-07 00:00:00,82.8061477288239,83.5583695832966,81.27354684708064,82.63484432312102,2464281.756837875
2019-06-08 00:00:00,82.05081512069746,83.60089704884922,81.66602632848343,82.2771818662511,1012531.6723478651
2019-06-09 00:00:00,82.56503269590318,84.64377740931067,81.80365421087548,83.66940551474208,2545332.0193791837
2019-06-10 00:00:00,83.34279752832137,84.9360593282391,82.44382406648194,83.56171630755578,111046.36785766901
2019-06-11 00:00:00,84.07874300957033,85.72876989830999,83.33335602806233,84.20401200820648,2031303.7039745827
2019-06-12 00:00:00,84.1323710899102,85.52093657784411,82.97287751184898,83.3463576830203,288350.7278201198
2019-06-13 00:00:00,83.34317473862478,86.31338418857945,82.86279521716246,84.73868137323008,1546122.0186875295
2019-06-14 00:00:00,84.92018593814757,87.85533989005535,83.75208758868257,86.13094760978954,3757752.9437502017
2019-06-15 00:00:00,86.11024159288812,87.89753684742132,84.89208188330632,85.7732359451177,447778.6975655975
2019-06-16 00:00:00,85.70531535331689,87.68927234810393,84.031431959858,85.16552074840259,336700.70713756
2019-06-17 00:00:00,85.1295406851073,87.73123042599707,84.4212213140721,85.30780921725662,-1078653.0686618355
2019-06-18 00:00:00,85.23871569031462,89.02275383721785,84.56077662997126,86.45009952268393,3901023.7880566944
2019-06-19 00:00:00,87.15048654111204,90.31447416812259,86.45041755746784,87.3423928987421,3587301.687232977
2019-06-20 00:00:00,87.77041427005996,91.60578622057682,87.0900699694307,88.23468556201833,7291864.813841538
2019-06-21 00:00:00,88.42304224748838,91.39727019748496,86.97965947997437,87.87697632336092,565629.813056232
2019-06-22 00:00:00,87.80070268124196,92.18837041529567,87.36933487854598,89.26926726151143,4200168.2914562
2019-06-23 00:00:00,89.44679522160122,92.72962035995823,87.50892496649288,88.1615578958536,-422766.5053557586
2019-06-24 00:00:00,88.3299404061806,91.77050897727862,85.89858301348468,87.55384858278116,4164803.150171805
2019-06-25 00:00:00,88.72150385471629,93.0615270645459,87.78819590377292,88.94613939737857,1837775.9172435682
2019-06-26 00:00:00,89.60832416262475,97.60220447790394,88.17783241313512,93.83843038756586,11118050.133752957
2019-06-27 00:00:00,93.74694925313175,97.3929927081468,93.31746168347121,93.73072139149484,-2643180.4706398076
2019-06-28 00:00:00,93.63608525751306,97.43345932314827,90.45708765212385,91.37301234772261,4182880.588814304
2019-06-29 00:00:00,91.52292115549406,96.22401963281702,90.5967225818207,91.51530329427952,-383965.21279495396
2019-06-30 00:00:00,91.41339740731846,96.26427590509878,89.23634683116028,90.15759421815852,521384.68827627646
2019-07-01 00:00:00,90.04927322648564,95.8046101725834,89.37598082605821,91.04988513538595,1818331.4111198462
2019-07-02 00:00:00,91.1903943470651,97.09465661386892,90.76560740603104,91.94217605592688,2506875.4296609317
2019-07-03 00:00:00,93.57588142699977,101.38476665446319,92.90523868286651,95.83446698445363,12324717.630897434
2019-07-04 00:00:00,95.46718579445464,100.17460382403826,94.04486767144773,94.72675791591915,-412840.9554611328
2019-07-05 00:00:00,94.85265299940875,99.71449139462865,91.18449715093264,93.36904884741315,2894400.268922093
2019-07-06 00:00:00,93.24384946162502,100.25411989427275,92.07412726863787,94.0113397786645,298641.4947599047
2019-07-07 00:00:00,93.8795215467271,99.79378669840591,92.71375620836139,94.15363070875178,-1097917.182542284
2019-07-08 00:00:00,94.52044256549004,99.83320716880496,92.60338642778952,94.29592163811829,151124.34331039386
2019-07-09 00:00:00,94.1564387028331,99.6226548604638,90.99301554123191,91.9382125673486,1502266.1179118915
2019-07-10 00:00:00,91.54700484952681,99.16186797767753,91.13264545872362,93.58050349681379,-1763491.8965353072
2019-07-11 00:00:00,93.43337238385585,99.20109816470759,91.52227489221696,92.72279442646116,-1024449.7625514474
2019-07-12 00:00:00,92.32356209335293,99.24010463684255,91.16190453724738,92.61508535620513,-670707.523720915
2019-07-13 00:00:00,92.46030199813553,99.02911888418939,91.30153416636855,91.75737628598428,-1023265.2093120958
2019-07-14 00:00:00,91.35013039640764,98.81791944836078,90.94116369532692,91.89966721572866,-1951422.8480815361
2019-07-15 00:00:00,91.73721540726922,100.60671928105305,90.83079337359852,94.29195814543183,721319.5339069599
2019-07-16 00:00:00,94.12671851776707,100.64531470059848,91.97042290115999,92.9342490751139,208361.92035285663
2019-07-17 00:00:00,92.51410661352274,99.93390160648657,91.61005255292932,92.82654000479536,-1536195.6959404862
2019-07-18 00:00:00,92.90333023969879,99.72229266840405,90.99968211832046,91.96883093448255,347646.6818267498
2019-07-19 00:00:00,92.2909736262503,102.26066810068168,91.38931173257762,94.86112186417638,4741089.051868802
2019-07-20 00:00:00,95.17996609897688,103.79885561327518,94.77894132849396,95.25341279387443,2569231.4139939565
2019-07-21 00:00:00,93.81781706116963,101.0870209928019,93.4185709217777,93.89570372357282,1496373.7695329064
2019-07-22 00:00:00,93.70662460408111,101.1250057835182,91.80820052935192,92.28799465326983,1668016.1203046679
2019-07-23 00:00:00,92.3446390472396,100.66296250095816,91.4478301184779,91.93028558296551,-927641.532186701
2019-07-24 00:00:00,91.48330318002891,99.95074541439966,89.83745972511771,91.32257651266058,-696299.1868146714
